{"frechet_distance": 5.679491737384872, "frechet_audio_distance": 10.946762362779541, "kullback_leibler_divergence_sigmoid": 0.36487168073654175, "kullback_leibler_divergence_softmax": 0.0032400465570390224, "lsd": NaN, "psnr": NaN, "ssim": NaN, "inception_score_mean": 1.0116410482971558, "inception_score_std": 0.0009328200274348992, "kernel_inception_distance_mean": NaN, "kernel_inception_distance_std": NaN}