{"frechet_distance": 72.77552729732007, "frechet_audio_distance": 11.24586056798794, "kullback_leibler_divergence_sigmoid": 6.964431285858154, "kullback_leibler_divergence_softmax": 2.5013203620910645, "lsd": NaN, "psnr": NaN, "ssim": NaN, "inception_score_mean": 3.3419271171465654, "inception_score_std": 0.455911148697775, "kernel_inception_distance_mean": NaN, "kernel_inception_distance_std": NaN}